location,1970,1971,1972,1973,1974,1975,1976,1977,1978,1979,1980,1981,1982,1983,1984,1985,1986,1987,1988,1989,1990,1991,1992,1993,1994,1995,1996,1997,1998,1999,2000,2001,2002,2003,2004,2005,2006,2007,2008,2009,2010,2011,2012,2013,2014,2015,2016,Growth rate per annum 2016,Growth rate per annum 2005-15,Share 2016
US,57.57323014,59.20516438,59.0811612,59.53698082,56.74803288,52.70240822,52.18128962,52.50109589,52.38877534,53.87236986,53.01398634,52.5514,48.82207397,44.09441918,47.72261475,45.07904932,43.99734247,45.53583836,46.72847268,47.42642466,48.7936274,48.48712877,48.74290437,49.57660274,51.56445205,50.95528493,51.51383333,51.78736712,52.11935342,51.59515616,52.40978142,53.74331781,51.85695342,52.32477808,50.79478415,49.45369315,50.69480822,52.78363014,55.07814481,56.50370959,58.39864658,62.74487123,65.6646612,66.31650137,70.93042466,74.13562192,72.29319672,-0.024852091,0.041316669,0.210960503
Canada,5.062380212,5.512745675,6.17364906,6.598569948,6.369595039,6.524803908,6.497898835,6.856394053,6.583581491,7.201791789,6.82307505,6.585589657,6.788017018,6.372319583,6.905088133,7.459530666,6.956272538,7.570225202,8.771940235,9.338328761,9.556524999,10.18283296,11.24699634,12.46353126,13.43490701,14.33920425,14.81848587,15.10987661,15.52681216,15.69504541,16.1900842,16.57859891,16.66050958,16.10515023,16.16200615,16.51955086,16.61143671,16.00833,15.37444093,14.28049483,13.98135545,13.97570511,13.61709263,13.68041648,14.23722712,14.42688137,14.66562509,0.016548533,-0.013453813,0.042796111
Mexico,1.08821271,1.077192314,1.11913726,1.220185285,1.279657419,1.299597865,1.273451926,1.353064243,1.693962155,2.057750754,2.480460254,2.677624896,2.861618257,2.881445726,2.826946152,2.754097506,2.448815602,2.488819741,2.514908602,2.42044553,2.623919725,2.660606447,2.5690355,2.758385498,2.938712241,2.90181497,3.155021017,3.3439403,3.621504317,3.636088624,3.697443657,3.720862152,3.844536279,4.026969142,4.184221817,5.05324083,5.544120425,5.181103296,5.150586088,5.734837129,5.569295864,5.635910558,5.518393976,5.629809593,5.52110853,5.230342171,4.552161702,-0.129662735,0.003450631,0.013283772
Total North America,63.72382306,65.79510237,66.37394752,67.35573605,64.39728534,60.52680999,59.95264038,60.71055419,60.66631899,63.13191241,62.31752164,61.81461455,58.47170925,53.34818449,57.45464904,55.29267749,53.40243061,55.5948833,58.01532151,59.18519895,60.97407212,61.33056817,62.55893621,64.7985195,67.93807131,68.19630415,69.48734022,70.24118404,71.2676699,70.9262902,72.29730928,74.04277887,72.36199928,72.45689745,71.14101212,71.02648484,72.85036536,73.97306344,75.60317183,76.51904155,77.94929789,82.3564869,84.80014781,85.62672744,90.6887603,93.79284545,91.51098351,-0.024328742,0.028193701,0.267040386
Argentina,0.58245005,0.607730395,0.59545734,0.617891395,0.610579727,0.69330048,0.712317974,0.722489379,0.684556058,0.805046059,0.916418479,0.91865884,0.996843308,1.141526056,1.235070429,1.284868485,1.505145189,1.535577349,1.810634635,1.932482595,1.829250349,1.960871925,2.025326989,2.036703904,2.102388748,2.319575787,2.55541953,2.684623053,2.897673592,3.306694855,3.679591273,3.679393489,3.624086869,4.044209665,4.330388119,4.414816571,4.460290246,4.337414571,4.251267837,4.008075518,3.879684756,3.752447641,3.640362439,3.437891429,3.430064891,3.530625102,3.692623915,0.04588389,-0.022101243,0.010775534
Bolivia,0.0038701,0.0038701,0.102920692,0.159104111,0.166521803,0.164156742,0.168747051,0.178562114,0.175982047,0.192429972,0.235323874,0.251664003,0.261016744,0.250588975,0.2403627,0.238871172,0.243278786,0.254459075,0.268237054,0.28369983,0.289934991,0.288214947,0.283077568,0.283207479,0.305379014,0.305133014,0.307293415,0.259722301,0.271257945,0.218410603,0.312201913,0.455899315,0.584108959,0.671290767,0.94187235,1.165199014,1.247785699,1.336507205,1.379032514,1.191267342,1.37503874,1.50733389,1.713767869,1.962668493,2.032988055,1.961177753,1.903059895,-0.029634162,0.053444561,0.005553365
Brazil,0.007624097,0.012103254,0.016442063,0.01886964,0.036309762,0.039550003,0.045429515,0.056704221,0.074620849,0.08176844,0.095325949,0.085771091,0.122557359,0.165728808,0.192362633,0.241969778,0.281805685,0.314779905,0.315915708,0.324786532,0.295700792,0.307409118,0.347288589,0.407940557,0.445515919,0.491703937,0.535853771,0.584880885,0.612675198,0.719391971,0.722787979,0.740193378,0.894250212,0.971480437,1.065545167,1.056775894,1.079058495,1.08650983,1.347760964,1.154120469,1.412039534,1.619458044,1.859335756,2.063418995,2.194848677,2.237792928,2.265476208,0.012370796,0.077912976,0.00661094
Colombia,0.125563244,0.120208072,0.146437612,0.152149245,0.158300844,0.137874854,0.139639102,0.15875609,0.21082977,0.240850591,0.256681798,0.282104667,0.300748957,0.330416212,0.33500064,0.342636218,0.333938014,0.351895969,0.338411418,0.342959743,0.362773346,0.359219191,0.366972076,0.360256783,0.371633313,0.389607444,0.419143154,0.524480448,0.599866424,0.526227483,0.574999931,0.596999928,0.602999928,0.577999931,0.614999926,0.647999922,0.679999919,0.729577604,0.874043731,1.016461128,1.089999869,1.060090398,1.155416528,1.222321919,1.139994782,1.073208256,1.002717162,-0.065682586,0.051746087,0.002926053
Peru,0.039991033,0.047731233,0.045778266,0.044936161,0.046226194,0.057083975,0.061752415,0.061491589,0.064286661,0.059449036,0.063682178,0.073316894,0.076971989,0.050741311,0.068292168,0.053428881,0.056653964,0.056331456,0.052961273,0.045043664,0.043108614,0.040421044,0.036343869,0.038378492,0.040098536,0.038808503,0.039238514,0.023328103,0.039561022,0.039776028,0.033342016,0.035798425,0.042786106,0.050633808,0.082979808,0.14675923,0.171756471,0.258864386,0.333961749,0.343287671,0.700299252,1.099093151,1.144247951,1.179614627,1.250430068,1.208887671,1.350904372,0.117477168,0.234747207,0.003942106
Trinidad & Tobago,0.176734567,0.172254021,0.177551745,0.170987651,0.156214107,0.141979002,0.15936861,0.18784331,0.224251441,0.231796509,0.261178033,0.288487355,0.350620356,0.363247079,0.379573518,0.389635175,0.398716987,0.422371296,0.484830593,0.487087876,0.505011168,0.550684931,0.530689891,0.597260274,0.684054794,0.734356164,0.826911339,0.899806849,0.899806849,1.134917671,1.497999821,1.601999808,1.862999777,2.611999687,2.913999651,3.196999617,3.881999535,4.082999511,4.048999515,4.219999495,4.329999481,4.168999501,4.121999506,4.144999504,4.070999512,3.832999541,3.326999601,-0.132011479,0.018309085,0.009708597
Venezuela,0.745961774,0.72295618,0.716585319,0.885177871,0.935489171,0.90990351,1.124837397,1.231229313,1.242409602,1.391515954,1.428560648,1.440214713,1.536752207,1.513209099,1.669244975,1.676290812,1.845500185,1.798306465,1.835955054,1.890328843,2.125222412,2.119094754,2.085859359,2.25712832,2.387421687,2.660801251,2.868699874,2.982879572,3.128545836,2.651986023,2.694377951,2.863228981,2.749276037,2.440485058,2.740745867,2.652856795,3.045962202,3.504182042,3.16124122,3.00058528,2.962477469,2.67046575,2.844181163,2.751206307,2.770798093,3.137006305,3.309037055,0.054839147,0.016904475,0.00965618
Other S. & Cent. America,0.068479269,0.072134364,0.06914984,0.053536383,0.061061578,0.070091811,0.108709981,0.117715542,0.134270969,0.086432233,0.077190519,0.078154519,0.082562133,0.091162355,0.095844894,0.099332567,0.092344886,0.09094735,0.12125344,0.171789439,0.235538586,0.215538769,0.234337551,0.194655743,0.253169041,0.241923176,0.245807847,0.236417959,0.225178543,0.279743728,0.308756716,0.324969072,0.302801986,0.287005246,0.290476866,0.312558535,0.343721011,0.350225774,0.334181343,0.332890327,0.329662041,0.273018377,0.256179609,0.232451612,0.224604365,0.238588515,0.22757959,-0.046141891,-0.026643761,0.000664105
Total S. & Cent. America,1.750674134,1.758987619,1.870322877,2.102652458,2.170703187,2.213940377,2.520802046,2.714791558,2.811207399,3.089288796,3.334361479,3.418372082,3.728073054,3.906619895,4.215751956,4.327033087,4.757383695,4.824668864,5.228199175,5.478178522,5.686540259,5.841454681,5.909895893,6.175531551,6.589661052,7.181909276,7.798367445,8.19613917,8.67456541,8.877148361,9.824057599,10.2984824,10.66330987,11.6551046,12.98100775,13.59396558,14.91057358,15.68628092,15.73048887,15.26668723,16.07920114,16.15090675,16.73549082,16.99457289,17.11472844,17.22028607,17.0783978,-0.0082396,0.023928001,0.04983688
Azerbaijan,,,,,,,,,,,,,,,,1.231952649,1.190800002,1.094485296,1.039103144,0.971902943,0.866832354,0.753005884,0.689824776,0.595400001,0.560376471,0.577888236,0.550094957,0.525320403,0.490278184,0.525320403,0.49393098,0.48558503,0.450334227,0.448978426,0.436206892,0.501895933,0.592195348,0.948445934,1.426496513,1.429196411,1.459841999,1.432584938,1.505573136,1.566873905,1.699345999,1.736317988,1.68488201,-0.029623593,0.132143712,0.004916694
Denmark,0,0,0,0,0,0,0,0,0,0,0,0,0,0,0.022406692,0.108577805,0.184152258,0.234678564,0.231142721,0.29724518,0.303480341,0.381332309,0.396124303,0.435761206,0.472149045,0.511234185,0.619516133,0.760461888,0.731950044,0.750354144,0.78666638,0.810990132,0.811018498,0.770607637,0.909925463,1.008752212,1.002277054,0.888785507,0.96701236,0.809436935,0.789025905,0.633843305,0.552287485,0.459737099,0.443752085,0.443094953,0.43330327,-0.022098386,-0.078975399,0.001264433
Germany,1.069007621,1.334969493,1.590017484,1.791748796,1.880653593,1.711444221,1.797467004,1.828192237,1.955045515,1.961173173,1.787174934,1.852165357,1.31432512,1.398213024,1.458028508,1.326843276,1.141428247,1.365373185,1.267202359,1.226616739,1.240598057,1.423330623,1.439788965,1.436742933,1.506243087,1.554283543,1.678605377,1.654591367,1.616711751,1.726855269,1.628750627,1.648738722,1.644430526,1.711817224,1.579706523,1.529409804,1.51087643,1.383987846,1.257150344,1.178413709,1.028439694,0.967555934,0.872336527,0.795471929,0.747268899,0.695651826,0.638302928,-0.082439082,-0.075755647,0.001862647
Italy,1.162985015,1.185044807,1.252523012,1.356517746,1.354040468,1.29057177,1.383012932,1.216565398,1.215114157,1.185567069,1.100264031,1.236409043,1.269519528,1.138341644,1.201508833,1.240416132,1.390014151,1.424603609,1.44396446,1.480014219,1.508237165,1.516970032,1.579565937,1.685820106,1.778706481,1.757314538,1.754326836,1.708756651,1.68585856,1.549975049,1.471122642,1.351847429,1.29691351,1.231444318,1.146386417,1.070620163,0.97376016,0.854566226,0.812611256,0.705506146,0.740092848,0.743906949,0.755515396,0.681019931,0.629446441,0.596181736,0.507907586,-0.148065841,-0.056863995,0.001482137
Kazakhstan,,,,,,,,,,,,,,,,0.419506676,0.447801848,0.485246817,0.547027802,0.51592555,0.546988727,0.560682927,0.524424005,0.474201077,0.293225745,0.369112977,0.318332304,0.519153777,0.456041377,0.606336098,0.75865881,0.776095145,0.828014025,0.998062892,1.173032624,1.240815353,1.292044051,1.336771725,1.548662516,1.598519253,1.703354465,1.67581469,1.656403008,1.784835222,1.813188548,1.839524831,1.922796551,0.04526806,0.040159284,0.005610959
Netherlands,2.580498031,3.566479369,4.742313186,5.782369718,6.855651486,7.425671947,7.912390791,7.959745171,7.287018321,7.641355364,7.369534206,6.860786806,5.867102489,6.24711613,6.306866834,6.62199445,6.05454165,6.064812289,5.338943301,5.851696531,5.905617385,6.670779985,6.698645407,6.850516167,6.470502526,6.542396999,7.384898071,6.557802957,6.254819109,5.818316954,5.595007728,6.023729733,5.828587593,5.612904176,6.601340925,6.04683867,5.95440292,5.851696531,6.419535182,6.064812289,6.81970425,6.206033574,6.155788822,6.639968069,5.602633537,4.192988343,3.874254779,-0.076015848,-0.03595007,0.011305555
Norway,0,0,0,0,0,0,0,0.256868212,1.373957579,1.999847566,2.420725264,2.414083429,2.318193478,2.28457537,2.50508273,2.533527486,2.524243987,2.723668595,2.733467766,2.780447316,2.465200581,2.421425976,2.492641934,2.399834302,2.596992676,2.691035332,3.60845829,4.155009309,4.27593455,4.689670299,4.804718745,5.228165398,6.346373224,7.059056589,7.639822689,8.305485956,8.578879301,8.737708012,9.659458297,10.09937425,10.3767328,9.797769037,11.06937748,10.52143168,10.52860375,11.33475884,11.25527647,-0.007012268,0.031584299,0.032844291
Poland,0.473208648,0.487970637,0.514757867,0.523627728,0.506873748,0.521686577,0.566304405,0.597698806,0.640905586,0.575024316,0.487052208,0.43406904,0.40004344,0.391107214,0.428416783,0.444264703,0.403336464,0.405210599,0.401042984,0.372365866,0.255633379,0.285765122,0.274433977,0.351634838,0.333186973,0.340699689,0.336655328,0.34445258,0.349233819,0.333494322,0.355223328,0.37540238,0.383693867,0.388223219,0.420857762,0.417578502,0.417148676,0.418905982,0.395586251,0.395599335,0.397003845,0.413868234,0.418842022,0.41099759,0.400590866,0.395925428,0.380884743,-0.037988682,-0.005310517,0.001111469
Romania,2.257558331,2.412577337,2.461091049,2.612747509,2.696599675,2.929235686,3.18646751,3.38375743,3.406870528,3.255291611,3.352105499,3.537916414,3.577154928,3.549741719,3.514741635,3.368707042,3.409128086,3.240026217,3.164275236,2.844308492,2.462976245,2.156235911,1.888126901,1.801760214,1.593579498,1.552948851,1.475627594,1.280137572,1.198604104,1.203207918,1.175881137,1.15890295,1.139419548,1.121096728,1.112556404,1.042916624,1.028639145,0.992548055,0.968586311,0.960910436,0.927207679,0.931716281,0.966971477,0.925090584,0.94231777,0.94443686,0.882939847,-0.065115006,-0.009869739,0.002576528
Russian Federation,,,,,,,,,,,,,,,,40.45392771,44.04208831,47.65826772,51.50109531,53.91872362,57.08835303,56.30032362,56.23381719,54.13762067,53.17447361,51.52836773,52.4441469,49.84723831,51.53712361,51.83482361,50.99464168,50.91545596,52.13252361,54.33025009,55.31696148,56.12520597,57.58262259,57.28098244,58.05879666,51.05187261,56.97379107,58.7295994,57.14744208,58.50761152,56.28525475,55.64584768,55.90442149,0.004646776,-0.000857388,0.163136027
Turkmenistan,,,,,,,,,,,,,,,,7.284018541,7.416232365,7.713932365,7.710319966,7.871538248,7.687664718,7.381208835,5.247907474,5.717591186,3.125849338,2.828150005,3.073625672,1.514741618,1.164528016,1.99636354,4.104026644,4.491765819,4.684393729,5.173500655,5.090732208,5.516205891,5.840173539,6.330502951,6.374330209,3.519864711,4.097752948,5.761458156,6.010019425,6.032511717,6.492960613,6.731586627,6.444596064,-0.04263342,0.020111626,0.01880613
Ukraine,,,,,,,,,,,,,,,,3.754522359,3.4760853,3.117094123,2.829154778,2.696811769,2.460402945,2.136435298,1.83371143,1.681129414,1.593570591,1.59358661,1.606705786,1.63499066,1.5733539,1.585868979,1.561566589,1.602347165,1.646105885,1.698641179,1.772587716,1.794955885,1.81246765,1.81246765,1.83371143,1.865002944,1.791453532,1.81246765,1.790051634,1.865002944,1.759932356,1.733664709,1.715393383,-0.010539135,-0.003468266,0.00500573
United Kingdom,1.012138652,1.68198846,2.420351609,2.635108087,3.177997114,3.309258006,3.49490796,3.661652111,3.5064181,3.540711486,3.356822698,3.358494278,3.4135357,3.519748444,3.431440199,3.839031694,4.036191788,4.225611683,4.058184331,3.985020466,4.400303696,4.89933159,4.968603619,5.857611351,6.253651584,6.845668563,8.119184207,8.306927568,8.723312788,9.586745062,10.45684987,10.23891438,10.02407352,9.959318634,9.297448713,8.530664566,7.736467669,6.97352711,6.718455626,5.774288975,5.527893876,4.376949738,3.751467583,3.529259068,3.559469544,3.829754741,3.956009182,0.032966717,-0.076963638,0.011544125
USSR,17.33183135,18.59749415,19.33255765,20.69015003,22.81782945,25.32796581,28.02548499,30.29561567,32.58886882,35.60115502,38.0014864,40.74112065,43.84070301,46.90526184,51.29152829,,,,,,,,,,,,,,,,,,,,,,,,,,,,,,,,,,,
Uzbekistan,,,,,,,,,,,,,,,,3.028659711,3.379770594,3.484841182,3.484051717,3.598667653,3.572400006,3.667129897,3.737540493,3.9431766,4.13111286,4.25168136,4.276651653,4.48686436,4.797347949,4.866606978,4.926134778,5.027102302,5.02351239,5.033494096,5.22738737,5.22603595,5.480306773,5.630032362,5.57395883,5.376812244,5.263336008,5.516205891,5.492402331,5.503697488,5.543009613,5.587353703,6.05611571,0.083896963,0.006707669,0.017672496
Other Europe & Eurasia,1.362822267,1.420735388,1.488661681,1.61028833,1.646702312,1.636824034,1.68196058,1.820070442,1.929008228,1.871167383,1.798064636,1.728313184,1.784740362,1.764068435,1.773299922,1.848524119,1.696803487,1.6940088,1.649880174,1.706164924,1.55333378,1.59189087,1.545591304,1.590633543,1.533991899,1.545534293,1.414021858,1.291724018,1.186212057,1.122386064,1.091777981,1.068216431,1.063338179,1.023367846,1.045283282,0.982712449,1.037745556,0.965960562,0.91095198,0.886111524,0.900181197,0.893751362,0.804269098,0.694164131,0.617460327,0.601619437,0.8439794,0.402845965,-0.047884709,0.002462836
Total Europe & Eurasia,27.25004992,30.68725964,33.80227354,37.00255795,40.93634784,44.15265805,48.04799617,51.02016548,53.90320683,57.63129299,59.67322988,62.1633582,63.78531806,67.19817382,71.93332042,77.50447436,80.79261853,84.93186105,87.39885605,90.11744951,92.31802241,92.14584888,89.55074772,88.95943361,85.41761239,84.48990291,88.66085097,84.58817304,86.04130982,88.19632469,90.20495791,91.20325898,93.30273233,96.56076371,98.77023646,99.34009393,100.8400069,100.4068889,102.9253038,91.71572177,98.79581212,99.89352514,98.9487475,99.91767288,97.06523509,96.3087077,96.50106341,0.001997283,-0.003094255,0.281602057
Bahrain,0.060094053,0.087614764,0.109031608,0.155019005,0.191139939,0.201137697,0.210236955,0.228658408,0.251233991,0.278539697,0.225460641,0.209630416,0.331001052,0.346911464,0.356470105,0.436353775,0.499565408,0.485375041,0.514174624,0.536331358,0.561702013,0.535471336,0.623956696,0.670172316,0.686082727,0.697478022,0.716263691,0.771117424,0.810785949,0.838951677,0.845772229,0.883135319,0.915063644,0.931511569,0.941509914,1.036197397,1.096176,1.140521151,1.220583033,1.235733562,1.265793205,1.285696027,1.32563082,1.421531507,1.496763699,1.502933904,1.491171879,-0.007826043,0.037886202,0.004351424
Iran,0.358066593,0.866050088,1.164644588,1.290524365,1.339067838,1.394982835,1.417314751,1.443184789,0.904056176,0.870779148,0.463327415,0.504817622,0.691363195,0.790134591,0.917262779,0.992257384,0.953232336,1.166947518,1.263434685,1.59975421,2.532061299,2.991151911,3.157130825,1.691572332,2.687092667,3.264487399,3.828815705,4.033993894,4.555591459,5.427157328,5.755230543,6.413142705,7.62620136,7.999124196,9.300469508,9.896774516,10.78437227,12.08913779,12.62339013,13.90445657,14.74183978,15.46669983,16.03222959,16.136827,17.98069744,18.32231425,19.53308093,0.066081536,0.063527356,0.05699995
Iraq,0.075896961,0.089549814,0.090270024,0.088044775,0.080842089,0.125670747,0.173893086,0.113952944,0.118145553,0.169424378,0.12361204,0.05998655,0.0657917,0.045473675,0.056928008,0.082239625,0.149966375,0.362821875,0.540333633,0.624053624,0.38507495,0.16834935,0.219028098,0.246718875,0.306705425,0.306705425,0.312621602,0.295095125,0.285419875,0.30767295,0.303937669,0.2670369,0.2283359,0.1509339,0.096488149,0.140291125,0.140291125,0.14125865,0.18139772,0.111168622,0.126068507,0.08475519,0.062331344,0.114066812,0.08750418,0.096932073,0.109136418,0.125906162,-0.036295848,0.000318474
Kuwait,0.197052591,0.203610261,0.239933863,0.269509464,0.283592328,0.31079053,0.372873091,0.407650533,0.456779302,0.604810627,0.392813975,0.453231711,0.355619189,0.390450089,0.422189256,0.4063605,0.554391825,0.46247695,0.659978938,0.789500399,0.405392975,0.04837625,0.25279895,0.52439855,0.577612425,0.897648194,0.897554202,0.896895674,0.918288727,0.835941599,0.926286229,0.919148749,0.842714274,0.967524999,1.051720822,1.190055749,1.200698524,1.089433149,1.22539949,1.111589472,1.135197082,1.309351581,1.497013629,1.578149234,1.454071655,1.635988021,1.652174816,0.009894201,0.032336496,0.004821251
Oman,0,0,0,0,0,0,0,0,0.039234197,0.065978615,0.083534114,0.098696406,0.10806374,0.134129366,0.168151329,0.214634138,0.251017407,0.281155787,0.28214764,0.293645566,0.31726754,0.321747569,0.350653737,0.337495551,0.353379292,0.494975374,0.533697695,0.60874097,0.632091427,0.666166802,1.056620256,1.583419178,1.70860274,1.882232877,1.91005963,2.14029863,2.493643836,2.525986301,2.50784153,2.613008219,2.838287671,2.990367123,3.105005464,3.365882192,3.220493151,3.361350685,3.417723409,0.016770855,0.046174054,0.00997334
Qatar,0.097236262,0.097236262,0.106426428,0.15286895,0.125584745,0.193795257,0.105558035,0.150063127,0.143096947,0.422034405,0.457450314,0.418261057,0.489083887,0.506499337,0.572174723,0.52826865,0.5611645,0.542781525,0.565420552,0.599865499,0.609540749,0.738221574,1.217680438,1.306158749,1.306158749,1.306158749,1.321887639,1.683493499,1.894413948,2.133392623,2.402554906,2.612317498,2.854198748,3.038028497,3.779440789,4.431264496,4.905351746,6.114757995,7.427754185,8.639998243,12.69054165,14.05537112,15.1534246,17.18343903,16.84042181,17.26760885,17.48830524,0.012780946,0.145698786,0.051033041
Saudi Arabia,0.156416542,0.130508372,0.147519659,0.1741545,0.220380694,0.262199275,0.28228144,0.398297791,0.549231691,0.674364924,0.938293643,1.096958344,1.162642541,1.135336835,1.756084309,1.818946998,2.438162998,2.592966998,2.807805131,2.883224498,3.243143797,3.402785422,3.690671693,3.873970097,4.138104421,4.153584821,4.285038689,4.386758346,4.529952046,4.469965496,4.806074693,5.194641721,5.485866745,5.810955145,6.337341615,6.892648094,7.107535396,7.200321044,7.761506691,7.590233619,8.481324143,8.926385642,9.584167823,9.678152567,9.905520942,10.10579862,10.55360476,0.044311802,0.039006952,0.030796726
Syria,0,0,0,0,0,0,0.002894552,0.003230629,0.003115085,0.003212142,0.004311869,0.004362967,0.004552461,0.006909572,0.011638128,0.013865363,0.035058569,0.03451782,0.081430024,0.133655162,0.147173891,0.171777977,0.177194535,0.175859015,0.190630248,0.240383791,0.255435021,0.397270368,0.500943995,0.49658796,0.495231162,0.508784857,0.562799688,0.596776759,0.547360758,0.531436238,0.544504342,0.522724168,0.512607694,0.567155723,0.778859011,0.685639868,0.560393157,0.461739682,0.426891404,0.393351092,0.347585474,-0.116348013,-0.029639925,0.001014297
United Arab Emirates,0.080627083,0.142333678,0.144088969,0.167919339,0.168134344,0.16060915,0.187187009,0.37733475,0.552456775,0.591157774,0.725590879,0.857227149,0.919148749,0.808850899,1.061369637,1.280035574,1.472573049,1.634149724,1.675034264,1.971815948,1.945692773,2.303677023,2.139142259,2.224339973,2.598772148,3.030288297,3.26129943,3.513083272,3.586615172,3.724003722,3.703215152,4.348057346,4.198090971,4.333544471,4.466436409,4.623801971,4.720554471,4.865683221,4.847564597,4.725392096,4.961661701,5.060929766,5.239306481,5.282686496,5.248300042,5.822657588,5.968933594,0.025121863,0.023321745,0.017418088
Yemen,0,0,0,0,0,0,0,0,0,0,0,0,0,0,0,0,0,0,0,0,0,0,0,0,0,0,0,0,0,0,0,0,0,0,0,0,0,0,0,0.072275513,0.578213349,0.871024387,0.702150168,0.956985013,0.902327754,0.264398599,0.070238043,-0.734347901,0,0.000204963
Other Middle East,0.013021918,0.012189041,0.012016393,0.005230137,0.006391781,0.005841096,0.005612022,0.005591781,0.00550137,0.003917808,0.000185792,0.00019726,0.004391781,0.006221918,0.005418033,0.005112329,0.003832877,0.004367123,0.003997268,0.013816438,0.018252055,0.017717808,0.018653005,0.021161644,0.029482192,0.029827397,0.02802459,0.031136986,0.031008219,0.030619178,0.029065574,0.028093151,0.025523288,0.028663014,0.143428962,0.183564384,0.248052055,0.288041096,0.351374317,0.279715476,0.331341113,0.429702636,0.256325316,0.632731881,0.741195639,0.811977007,0.908408255,0.118761058,0.160313997,0.002650848
Total Middle East,1.038412004,1.62909228,2.013931532,2.303270535,2.415133757,2.655026587,2.757850941,3.127964753,3.022851088,3.684219519,3.414580681,3.703369483,4.131658295,4.170917746,5.327686305,5.778074334,6.918965342,7.56756036,8.393756759,9.445662704,10.16530204,10.69927622,11.84691024,11.0718471,12.87402029,14.42153747,15.44063827,16.61758556,17.74511082,18.93045934,20.32398841,22.75777742,24.44739736,25.73929543,28.57425656,31.0663326,33.24117977,35.97786456,38.65941939,40.85072711,47.92912721,51.16592317,53.51797839,56.81219141,58.30418772,59.58531069,61.54036281,0.032810975,0.067296099,0.179582402
Algeria,0.245106333,0.258329175,0.32645157,0.434418725,0.502252977,0.61846348,0.776836807,0.745531763,1.156192374,1.895166468,1.420519969,1.651350168,2.154678173,3.085437222,3.132005311,3.451376678,3.530068711,3.984052941,4.153600389,4.490821035,4.774950876,5.14895304,5.346729954,5.430287809,4.992536499,5.683994365,6.015071198,6.919631291,7.409843958,8.32910021,8.470587376,7.993154029,8.221382426,8.675796668,8.485918271,8.535505543,8.172393411,8.207224311,8.280516444,7.696661368,7.780062023,8.001431743,7.863784129,7.975308568,8.059096233,8.185261493,8.809367988,0.076247594,-0.004181177,0.025706827
Egypt,0.008223962,0.008223962,0.006850659,0.005514892,0.00580515,0.004837625,0.036665497,0.04450615,0.07159685,0.1083628,0.210344164,0.2360761,0.258329175,0.302835325,0.387882358,0.476989825,0.5495542,0.607605699,0.66769799,0.748864349,0.780792674,0.878512699,0.947513621,1.092335724,1.170705249,1.209406249,1.283292379,1.315833999,1.354534999,1.625441999,2.026251125,2.438162998,2.641343248,2.912250248,3.184108911,4.111981247,5.292361746,5.38814672,5.689906136,6.06541422,5.932863295,5.945205479,5.87431694,5.424657534,4.720622198,4.281298121,4.035134384,-0.057497453,0.004043282,0.011775022
Libya,0.028445235,0.06850077,0.273254437,0.438385577,0.394266437,0.448447837,0.461116863,0.488696877,0.495469552,0.656465712,0.498843729,0.304770375,0.324120875,0.358951775,0.443845485,0.503113,0.541814,0.4837625,0.530684819,0.657916999,0.599865499,0.632761349,0.653224768,0.615345899,0.618248474,0.613410849,0.619453915,0.635663924,0.615345899,0.503113,0.567350315,0.597930449,0.57083975,0.53213875,0.77769448,1.093303249,1.276649236,1.478378199,1.534161566,1.538364749,1.626796534,0.759990887,1.068403215,1.124018725,1.093283838,1.141703859,0.973541671,-0.147290549,0.00434121,0.002840915
Nigeria,0.010750278,0.019888014,0.026587845,0.040851056,0.038163486,0.034185883,0.063253342,0.083529658,0.101160114,0.133303444,0.160706372,0.237366133,0.247256389,0.280259741,0.268880308,0.2554266,0.297890197,0.294987622,0.35368267,0.410660611,0.390987602,0.381419855,0.411682768,0.470432155,0.429688602,0.467637083,0.524573902,0.506636566,0.612869956,0.441773594,1.137997888,1.554287399,1.745658654,2.178855006,2.357750156,2.423475173,2.863241323,3.565342304,3.489270257,2.515281326,3.610851284,3.926133923,4.176565535,3.50143654,4.358525167,4.844246575,4.330437158,-0.106065909,0.071713661,0.012636752
Other Africa,0.010900948,0.016979634,0.021926437,0.068952287,0.087957145,0.054105775,0.040228693,0.047117939,0.054201335,0.058559944,0.076656537,0.086792729,0.09425995,0.095327547,0.093243151,0.097093538,0.104252153,0.104353977,0.124469247,0.113701592,0.113839323,0.109177091,0.221030633,0.279144474,0.28248883,0.278926493,0.372996282,0.462401101,0.541786567,0.600475772,0.599682074,0.654748997,0.620189845,0.618465782,0.790696243,0.963360481,1.027542603,1.039942653,1.457534311,1.503357146,1.681207547,1.624973827,1.699488967,1.934854781,1.801348482,1.868850974,1.953542021,0.045317175,0.068509984,0.005700678
Total Africa,0.303426756,0.371921555,0.655070949,0.988122537,1.028445196,1.1600406,1.378101202,1.409382387,1.878620225,2.851858368,2.367070772,2.516355504,3.078644562,4.122811611,4.325856613,4.78399964,5.02357926,5.474762739,5.830135114,6.421964587,6.660435975,7.150824035,7.580181744,7.887546062,7.493667654,8.253375039,8.815387677,9.840166882,10.53438138,11.49990457,12.80186878,13.23828387,13.79941392,14.91750645,15.59616806,17.12762569,18.63218832,19.67903419,20.45138871,19.31907881,20.63178068,20.25773586,20.68255879,19.96027615,20.03287592,20.32136102,20.10202322,-0.01079346,0.017244998,0.058660194
Australia,0.16834935,0.251233991,0.359686377,0.457961833,0.5224635,0.561056997,0.660514983,0.756604549,0.814548547,0.937639227,1.073698678,1.166942652,1.138131907,1.236281943,1.174427419,1.257559973,1.372301354,1.401392735,1.42985791,1.645035492,1.901734261,2.025260055,2.205538913,2.295810591,2.615959414,2.73911576,2.752307316,2.760215207,2.819682008,2.860689391,2.897639307,3.04092787,3.075117456,3.14491525,3.339609563,3.564701727,3.794601982,3.990179545,3.899637557,4.443350186,4.876153505,5.144811026,5.488838098,5.71133174,6.156520188,7.026507063,8.795330419,0.251735797,0.070216467,0.025665864
Bangladesh,0,0,0.040525023,0.056223953,0.061814097,0.062136606,0.08158609,0.091269858,0.100730103,0.115887994,0.130151792,0.136849315,0.177671233,0.19769863,0.227568306,0.259150685,0.292219178,0.343342466,0.403005464,0.427205479,0.459808219,0.473534247,0.514972678,0.578027397,0.613041096,0.677753425,0.725437158,0.715041096,0.772657534,0.842410959,0.908060109,1.019616438,1.072684931,1.153835616,1.237076503,1.333260274,1.443835616,1.541643836,1.641693989,1.884461088,1.935424657,1.968438356,2.138907104,2.206739726,2.314246575,2.598904109,2.655374215,0.02172843,0.069024188,0.007748711
Brunei,0.021178047,0.020963042,0.042990831,0.188237364,0.408618058,0.535793844,0.704792323,0.811000955,0.794875538,0.832716516,0.833550397,0.80928091,0.808313385,0.843036783,0.850703845,0.831641488,0.833791544,0.831856494,0.861960796,0.847014385,0.863569813,0.876577649,0.940973869,0.999023313,1.005365977,1.137916902,1.124944606,1.128886668,1.042131927,1.086315569,1.090101664,1.102655991,1.108676146,1.195323385,1.180304611,1.161967008,1.216216294,1.185603004,1.172701854,1.104328993,1.188353669,1.238312026,1.212413315,1.181007029,1.146744116,1.124459835,1.081882451,-0.037864744,-0.003275772,0.003157067
China,0.28688968,0.373856238,0.482492059,0.597770135,0.752710555,0.884659815,1.006853265,1.21153412,1.372472233,1.450442251,1.422554068,1.273510288,1.192541423,1.22053066,1.239127334,1.292502984,1.37547108,1.388466083,1.421557183,1.504321532,1.529211961,1.548404581,1.5740805,1.675855571,1.755225051,1.794010136,2.005133323,2.269427321,2.32700518,2.518831415,2.714876323,3.035480574,3.268878995,3.504479287,4.138190159,4.936196443,5.860282042,6.929891356,8.014873849,8.5341552,9.587250476,10.54266271,10.79094296,11.823435,12.73293752,13.1685635,13.35306996,0.01401113,0.103099269,0.038965912
India,0.063615057,0.067412304,0.073741068,0.073749593,0.083473219,0.106863136,0.129462974,0.138646332,0.154852376,0.192585851,0.113590673,0.198850575,0.260699611,0.310188515,0.35428036,0.434539665,0.6071558,0.699402536,0.817065504,0.974105137,1.16532581,1.297820618,1.447040487,1.474365873,1.593970345,1.817220934,1.97805433,2.156463257,2.366578726,2.424931126,2.542544736,2.556050114,2.66930472,2.857530904,2.820738402,2.866099305,2.83339696,2.91157298,2.946458601,3.633934445,4.767639573,4.306609152,3.751255803,3.109601992,2.952018737,2.834529199,2.665835321,-0.059513897,-0.001106999,0.007779238
Indonesia,0.119865597,0.121263133,0.118573214,0.077402,0.109007817,0.225433325,0.22674715,0.54761915,1.052667199,1.526754449,1.785995635,1.816044423,1.846037698,2.106301923,2.831927168,3.125105747,3.251851522,3.474382272,3.784265197,3.992008147,4.245654794,4.662156164,4.927177595,5.13289315,5.848358904,5.874776476,6.173224262,6.355064257,6.249021315,6.776376789,6.719418033,6.541660274,7.205463013,7.545441096,7.195704918,7.270238356,7.187052055,6.918435616,7.1135,7.439367123,8.293120548,7.881186301,7.443330601,7.39929315,7.282610959,7.259983561,6.724605196,-0.073743743,-0.000141141,0.019623231
Malaysia,0,0.007660605,0.010697946,0.010727256,0.022362635,0.026956697,0.032003864,0.029364595,0.218662263,0.271336974,0.240684327,0.203287753,0.255749108,0.616743436,0.934326908,1.035144246,1.392160971,1.505253893,1.549706879,1.681880957,1.664895518,1.976976082,2.043511783,2.229930118,2.294001773,2.59769712,3.290889129,3.757759594,3.77076743,3.834086566,4.498920753,4.452657549,4.592518663,4.806556693,5.468519439,6.182536303,6.067107462,5.953854406,6.152427747,5.909629323,5.43852529,6.016643865,5.938299559,6.508007717,6.614033428,6.891978155,7.125006637,0.033811553,0.010922172,0.020791652
Myanmar,0.000725644,0.001402911,0.001495566,0.001814109,0.016230232,0.01741545,0.024122037,0.022253075,0.026123175,0.026123175,0.033770852,0.04063605,0.043538625,0.0580515,0.061752415,0.0890123,0.103525175,0.115135475,0.100347675,0.105460225,0.082239625,0.08320715,0.083944689,0.10642775,0.138356075,0.1586741,0.154381038,0.146096275,0.1702844,0.1664143,0.328059706,0.677267499,0.812720999,0.928823999,0.984179118,1.180380499,1.219081499,1.308093799,1.196453045,1.117934247,1.202180822,1.235873973,1.228674863,1.26649189,1.629104493,1.892378822,1.819459563,-0.038533119,0.048331427,0.005309408
Pakistan,0.337236214,0.336268689,0.310799048,0.354974172,0.392707647,0.4411914,0.448669892,0.4915027,0.50504805,0.5689047,0.692784909,0.757572074,0.826266349,0.814656049,0.833657606,0.853357049,0.915278649,0.980102824,1.036282718,1.107816124,1.183283074,1.278100524,1.250486409,1.443547299,1.471605524,1.509338999,1.635474123,1.635117249,1.722194499,1.964075748,2.0744952,2.196281748,2.381079023,2.960554687,3.54482377,3.778583562,3.860769863,3.916478082,3.999071038,4.020926027,4.095863014,4.094849315,4.228980874,4.123363123,4.053951698,4.061005561,4.007284399,-0.013228537,0.007234181,0.011693752
Thailand,0,0,0,0,0,0,0,0,0,0,0,0.025479452,0.129863014,0.152876712,0.227595628,0.3,0.346077871,0.483520225,0.571522884,0.572511678,0.623928961,0.773236843,0.822676538,0.928477488,1.026368085,1.086684514,1.252801892,1.546473685,1.67897207,1.839156685,1.926170549,1.878708441,1.963744718,2.053724964,2.133817272,2.266315656,2.326632085,2.4868167,2.7468695,2.95649381,3.466711471,3.536915839,3.95122049,3.998682598,4.027357622,3.806856578,3.723797889,-0.021818182,0.053233373,0.010866504
Vietnam,0,0,0,0,0,0,0,0,0,0,0,0.000967525,0.001827547,0.006342664,0.005467662,0.003440089,0.003547592,0.003547592,0.002680226,0.003225083,0.0038701,0.006987681,0.020262511,0.024188125,0.024188125,0.014082864,0.027659936,0.051386328,0.08707725,0.12577825,0.154381038,0.193505,0.232206,0.229625933,0.401390699,0.623086099,0.677267499,0.685007699,0.723564628,0.774987524,0.909667004,0.820461199,0.902646632,0.943433627,0.987843024,1.031381649,1.033368776,0.001926665,0.051688521,0.003015498
Other Asia Pacific,0.531719291,0.600911519,0.654626808,0.680119229,0.706105995,0.694658924,0.737637409,0.833712602,0.799851121,0.713651765,0.733837359,0.706040218,0.750052864,0.773164251,0.846990432,0.927421634,0.973066353,0.971233091,1.010680983,0.757277544,0.738149605,0.755371914,0.777089229,0.769812116,0.748850206,0.72511896,0.782359806,0.814269476,0.761076605,0.823546181,0.858111609,0.909716588,1.046858651,1.030378656,0.98815778,1.070167022,1.371421056,1.62610271,1.71731575,1.752734342,1.70611949,1.723762242,1.693300012,1.753157456,2.231655534,2.66670582,2.968086817,0.113016214,0.095600835,0.008661245
Total Asia Pacific,1.52957888,1.780972433,2.09562794,2.498979643,3.075493754,3.556166193,4.052389987,4.933507936,5.839830605,6.636042901,7.060618689,7.135461236,7.430692765,8.335873067,9.587825084,10.40887586,11.46644709,12.19763569,12.98893342,13.61786178,14.46167174,15.75763351,16.6077552,17.65835879,19.13529058,20.13239019,21.90266692,23.33620041,23.76744894,25.26261298,26.71277903,27.60452809,29.42925332,31.41119047,33.43251223,36.23353226,37.85766441,39.45367973,41.32456756,43.57230231,47.46700952,48.510526,48.76881031,50.02454505,52.1290239,54.36325386,55.95310164,0.029244898,0.041404565,0.163278082
Total World,95.59596475,102.0233359,106.8111744,112.2513192,114.0234091,114.2646418,118.7097807,123.9163663,128.1220351,137.024615,138.1673831,140.7515311,140.626096,141.0825806,152.8450894,158.0951348,162.3614245,170.591372,177.855202,184.2663161,190.2660446,192.9256055,194.054427,196.5512366,199.4483233,202.675419,212.1052515,212.8194491,218.0304863,223.6927401,232.164961,239.1451096,244.0041061,252.7407581,260.4951932,268.3880349,278.3319783,285.1768117,294.6943401,287.2435588,308.8522286,318.3351038,323.4537336,329.3359858,335.3348114,341.5917648,342.6859324,0.003203144,0.02441145,1
